"timestamp","sky","ground","delta"
"2022-01-26 11:44:01.877119",0.0,2.0,2.0
"2022-01-26 11:44:06.756070",1.0,2.0,1.0
"2022-01-26 11:44:11.636070",1.0,2.0,1.0
"2022-01-26 11:44:16.515485",1.0,2.0,1.0
"2022-01-26 11:44:21.396080",1.0,2.0,1.0
"2022-01-26 11:44:26.276085",1.0,2.0,1.0
"2022-01-26 11:44:31.156057",1.0,2.0,1.0
"2022-01-26 11:44:36.036070",1.0,2.0,1.0
"2022-01-26 11:44:40.916064",1.0,2.0,1.0
"2022-01-26 11:44:45.796060",1.0,2.0,1.0
"2022-01-26 11:44:50.676079",1.0,2.0,1.0
"2022-01-26 11:44:55.556147",0.0,2.0,2.0
"2022-01-26 11:45:00.436064",1.0,2.0,1.0
"2022-01-26 11:45:05.315443",1.0,2.0,1.0
"2022-01-26 11:45:10.196065",1.0,2.0,1.0
"2022-01-26 11:45:15.076062",1.0,2.0,1.0
"2022-01-26 11:45:19.956060",1.0,2.0,1.0
"2022-01-26 11:45:24.836090",1.0,2.0,1.0
"2022-01-26 11:45:29.716147",1.0,2.0,1.0
"2022-01-26 11:45:34.595926",1.0,2.0,1.0
"2022-01-26 11:45:39.476072",1.0,2.0,1.0
"2022-01-26 11:45:44.356064",1.0,2.0,1.0
"2022-01-26 11:45:49.236056",1.0,2.0,1.0
"2022-01-26 11:45:54.116063",1.0,2.0,1.0
"2022-01-26 11:45:58.996055",1.0,2.0,1.0
"2022-01-26 11:46:03.876067",1.0,2.0,1.0
"2022-01-26 11:46:08.756056",1.0,2.0,1.0
"2022-01-26 11:46:13.635467",1.0,2.0,1.0
"2022-01-26 11:46:18.516064",1.0,2.0,1.0
"2022-01-26 11:46:23.396151",1.0,2.0,1.0
"2022-01-26 11:46:28.276064",1.0,2.0,1.0
"2022-01-26 11:46:33.156053",1.0,2.0,1.0
"2022-01-26 11:46:38.036126",1.0,2.0,1.0
"2022-01-26 11:46:42.916062",1.0,2.0,1.0
"2022-01-26 11:46:47.796103",1.0,2.0,1.0
"2022-01-26 11:46:52.676072",1.0,2.0,1.0
"2022-01-26 11:46:57.556066",1.0,2.0,1.0
"2022-01-26 11:47:02.436057",1.0,2.0,1.0
"2022-01-26 11:47:07.316178",1.0,2.0,1.0
"2022-01-26 11:47:12.196080",1.0,2.0,1.0
"2022-01-26 11:47:17.076146",1.0,2.0,1.0
"2022-01-26 11:47:21.955456",1.0,2.0,1.0
"2022-01-26 11:47:26.835941",1.0,2.0,1.0
"2022-01-26 11:47:31.715437",1.0,2.0,1.0
"2022-01-26 11:47:36.596067",1.0,2.0,1.0
"2022-01-26 11:47:41.476065",1.0,2.0,1.0
"2022-01-26 11:47:46.356066",1.0,2.0,1.0
"2022-01-26 11:47:51.235829",1.0,2.0,1.0
"2022-01-26 11:47:56.126069",1.0,2.0,1.0
"2022-01-26 11:48:00.996057",2.0,2.0,0.0
"2022-01-26 11:48:05.916124",2.0,2.0,0.0
"2022-01-26 11:48:10.766750",2.0,2.0,0.0
"2022-01-26 11:48:15.636122",1.0,2.0,1.0
"2022-01-26 11:48:20.516145",1.0,2.0,1.0
"2022-01-26 11:48:25.396076",1.0,2.0,1.0
"2022-01-26 11:48:30.276069",2.0,2.0,0.0
"2022-01-26 11:48:35.156080",2.0,2.0,0.0
"2022-01-26 11:48:40.036062",2.0,2.0,0.0
"2022-01-26 11:48:44.916053",2.0,2.0,0.0
"2022-01-26 11:48:49.796070",2.0,2.0,0.0
"2022-01-26 11:48:54.676086",2.0,2.0,0.0
"2022-01-26 11:48:59.556123",2.0,2.0,0.0
"2022-01-26 11:49:04.436078",2.0,2.0,0.0
"2022-01-26 11:49:09.316052",2.0,2.0,0.0
"2022-01-26 11:49:14.196301",2.0,2.0,0.0
"2022-01-26 11:49:19.076073",2.0,2.0,0.0
"2022-01-26 11:49:23.956461",2.0,2.0,0.0
"2022-01-26 11:49:28.836051",2.0,2.0,0.0
"2022-01-26 11:49:33.716060",2.0,2.0,0.0
"2022-01-26 11:49:38.596066",2.0,2.0,0.0
"2022-01-26 11:49:43.476061",2.0,2.0,0.0
"2022-01-26 11:49:48.356139",2.0,2.0,0.0
"2022-01-26 11:49:53.235459",2.0,2.0,0.0
"2022-01-26 11:49:58.115794",2.0,2.0,0.0
"2022-01-26 11:50:02.996054",2.0,2.0,0.0
"2022-01-26 11:50:07.875830",1.0,2.0,1.0
"2022-01-26 11:50:12.756064",1.0,2.0,1.0
"2022-01-26 11:50:17.636064",1.0,2.0,1.0
"2022-01-26 11:50:22.516054",1.0,2.0,1.0
"2022-01-26 11:50:27.396093",1.0,2.0,1.0
"2022-01-26 11:50:32.276815",1.0,2.0,1.0
"2022-01-26 11:50:37.156262",1.0,2.0,1.0
"2022-01-26 11:50:42.036065",2.0,2.0,0.0
"2022-01-26 11:50:46.916073",1.0,2.0,1.0
"2022-01-26 11:50:51.796070",2.0,2.0,0.0
"2022-01-26 11:50:56.675525",1.0,2.0,1.0
"2022-01-26 11:51:01.555822",1.0,2.0,1.0
"2022-01-26 11:51:06.436064",1.0,2.0,1.0
"2022-01-26 11:51:11.316144",2.0,2.0,0.0
"2022-01-26 11:51:16.196209",1.0,2.0,1.0
"2022-01-26 11:51:21.075517",1.0,2.0,1.0
"2022-01-26 11:51:25.956540",0.0,2.0,2.0
"2022-01-26 11:51:30.835543",0.0,2.0,2.0
"2022-01-26 11:51:35.716185",1.0,2.0,1.0
"2022-01-26 11:51:40.605651",2.0,2.0,0.0
"2022-01-26 11:51:45.475448",2.0,2.0,0.0
"2022-01-26 11:51:50.355449",2.0,2.0,0.0
"2022-01-26 11:51:55.236088",2.0,2.0,0.0
"2022-01-26 11:52:00.115447",1.0,2.0,1.0
"2022-01-26 11:52:04.995458",1.0,2.0,1.0
"2022-01-26 11:52:09.875955",0.0,2.0,2.0
"2022-01-26 11:52:14.755764",-0.0,2.0,2.0
"2022-01-26 11:52:19.636121",-0.0,2.0,2.0
"2022-01-26 11:52:24.516058",-0.0,2.0,2.0
"2022-01-26 11:52:29.396070",-0.0,2.0,2.0
"2022-01-26 11:52:34.276076",0.0,2.0,2.0
"2022-01-26 11:52:39.156300",-0.0,2.0,2.0
"2022-01-26 11:52:44.055487",1.0,2.0,1.0
"2022-01-26 11:52:48.916069",1.0,2.0,1.0
"2022-01-26 11:52:53.795517",1.0,3.0,2.0
"2022-01-26 11:52:58.675708",2.0,3.0,1.0
"2022-01-26 11:53:03.556075",1.0,3.0,2.0
"2022-01-26 11:53:08.435536",1.0,3.0,2.0
"2022-01-26 11:53:13.335712",1.0,3.0,2.0
"2022-01-26 11:53:18.195944",1.0,3.0,2.0
"2022-01-26 11:53:23.076066",1.0,3.0,2.0
"2022-01-26 11:53:27.956070",1.0,3.0,2.0
"2022-01-26 11:53:32.836060",1.0,3.0,2.0
"2022-01-26 11:53:37.726197",1.0,3.0,2.0
"2022-01-26 11:53:42.596053",1.0,3.0,2.0
"2022-01-26 11:53:47.476067",1.0,3.0,2.0
"2022-01-26 11:53:52.356073",1.0,3.0,2.0
"2022-01-26 11:53:57.236055",1.0,3.0,2.0
"2022-01-26 11:54:02.156428",1.0,3.0,2.0
"2022-01-26 11:54:06.996053",2.0,3.0,1.0
"2022-01-26 11:54:11.876174",2.0,3.0,1.0
"2022-01-26 11:54:16.756068",2.0,3.0,1.0
"2022-01-26 11:54:21.636073",2.0,3.0,1.0
"2022-01-26 11:54:26.516065",2.0,3.0,1.0
"2022-01-26 11:54:31.406074",2.0,3.0,1.0
"2022-01-26 11:54:36.276065",2.0,3.0,1.0
"2022-01-26 11:54:41.156368",2.0,3.0,1.0
"2022-01-26 11:54:46.035490",2.0,3.0,1.0
"2022-01-26 11:54:50.915642",2.0,3.0,1.0
"2022-01-26 11:54:55.796078",2.0,3.0,1.0
"2022-01-26 11:55:00.675535",2.0,2.0,0.0
"2022-01-26 11:55:05.556079",2.0,2.0,0.0
"2022-01-26 11:55:10.436085",2.0,2.0,0.0
"2022-01-26 11:55:15.315899",2.0,3.0,1.0
"2022-01-26 11:55:20.195461",2.0,3.0,1.0
"2022-01-26 11:55:25.076054",3.0,3.0,0.0
"2022-01-26 11:55:29.955774",3.0,3.0,0.0
"2022-01-26 11:55:34.836283",3.0,3.0,0.0
"2022-01-26 11:55:39.716065",3.0,3.0,0.0
"2022-01-26 11:55:44.596072",3.0,3.0,0.0
"2022-01-26 11:55:49.476064",3.0,3.0,0.0
"2022-01-26 11:55:54.356199",2.0,3.0,1.0
"2022-01-26 11:55:59.236060",2.0,3.0,1.0
"2022-01-26 11:56:04.116158",2.0,3.0,1.0
"2022-01-26 11:56:09.006117",2.0,3.0,1.0
"2022-01-26 11:56:13.876150",2.0,3.0,1.0
"2022-01-26 11:56:18.755536",1.0,3.0,2.0
"2022-01-26 11:56:23.635967",1.0,3.0,2.0
"2022-01-26 11:56:28.516625",1.0,3.0,2.0
"2022-01-26 11:56:33.396059",1.0,3.0,2.0
"2022-01-26 11:56:38.276074",1.0,3.0,2.0
"2022-01-26 11:56:43.156169",1.0,3.0,2.0
"2022-01-26 11:56:48.035464",1.0,3.0,2.0
"2022-01-26 11:56:52.915445",2.0,3.0,1.0
"2022-01-26 11:56:57.796060",2.0,3.0,1.0
"2022-01-26 11:57:02.676476",2.0,3.0,1.0
"2022-01-26 11:57:07.556116",2.0,3.0,1.0
"2022-01-26 11:57:12.436064",2.0,3.0,1.0
"2022-01-26 11:57:17.316069",2.0,3.0,1.0
"2022-01-26 11:57:22.196067",2.0,3.0,1.0
"2022-01-26 11:57:27.076072",1.0,3.0,2.0
"2022-01-26 11:57:31.956065",1.0,3.0,2.0
"2022-01-26 11:57:36.836145",1.0,3.0,2.0
"2022-01-26 11:57:41.716074",1.0,3.0,2.0
"2022-01-26 11:57:46.596125",1.0,3.0,2.0
"2022-01-26 11:57:51.476050",1.0,3.0,2.0
"2022-01-26 11:57:56.356061",1.0,3.0,2.0
"2022-01-26 11:58:01.236061",1.0,3.0,2.0
"2022-01-26 11:58:06.156081",1.0,3.0,2.0
"2022-01-26 11:58:10.996107",1.0,3.0,2.0
"2022-01-26 11:58:15.875464",1.0,3.0,2.0
"2022-01-26 11:58:20.756061",1.0,3.0,2.0
"2022-01-26 11:58:25.636067",1.0,3.0,2.0
"2022-01-26 11:58:30.555450",0.0,3.0,3.0
"2022-01-26 11:58:35.395454",0.0,3.0,3.0
"2022-01-26 11:58:40.275936",0.0,3.0,3.0
"2022-01-26 11:58:45.156006",0.0,3.0,3.0
"2022-01-26 11:58:50.036060",1.0,3.0,2.0
"2022-01-26 11:58:54.916064",1.0,3.0,2.0
"2022-01-26 11:58:59.796247",1.0,3.0,2.0
"2022-01-26 11:59:04.676036",0.0,3.0,3.0
"2022-01-26 11:59:09.556070",1.0,3.0,2.0
"2022-01-26 11:59:14.436068",1.0,3.0,2.0
"2022-01-26 11:59:19.316068",1.0,3.0,2.0
"2022-01-26 11:59:24.196179",1.0,2.0,1.0
"2022-01-26 11:59:29.076072",1.0,2.0,1.0
"2022-01-26 11:59:33.955451",1.0,2.0,1.0
"2022-01-26 11:59:38.835447",1.0,2.0,1.0
"2022-01-26 11:59:43.716068",1.0,2.0,1.0
"2022-01-26 11:59:48.596207",0.0,2.0,2.0
"2022-01-26 11:59:53.476071",0.0,2.0,2.0
"2022-01-26 11:59:58.366142",0.0,2.0,2.0
"2022-01-26 12:00:03.236069",0.0,2.0,2.0
"2022-01-26 12:00:08.116084",0.0,2.0,2.0
"2022-01-26 12:00:12.995927",0.0,2.0,2.0
"2022-01-26 12:00:17.876075",1.0,2.0,1.0
"2022-01-26 12:00:22.755931",1.0,2.0,1.0
"2022-01-26 12:00:27.636581",0.0,2.0,2.0
"2022-01-26 12:00:32.516095",1.0,2.0,1.0
"2022-01-26 12:00:37.396067",1.0,2.0,1.0
"2022-01-26 12:00:42.275928",0.0,2.0,2.0
"2022-01-26 12:00:47.156083",1.0,2.0,1.0
"2022-01-26 12:00:52.035450",1.0,2.0,1.0
"2022-01-26 12:00:56.915469",1.0,2.0,1.0
"2022-01-26 12:01:01.796178",1.0,2.0,1.0
"2022-01-26 12:01:06.676225",1.0,2.0,1.0
"2022-01-26 12:01:11.556082",1.0,2.0,1.0
"2022-01-26 12:01:16.435709",1.0,2.0,1.0
"2022-01-26 12:01:21.316068",1.0,2.0,1.0
"2022-01-26 12:01:26.195661",1.0,2.0,1.0
"2022-01-26 12:01:31.076177",1.0,2.0,1.0
"2022-01-26 12:01:35.956059",1.0,2.0,1.0
"2022-01-26 12:01:40.836058",1.0,2.0,1.0
"2022-01-26 12:01:45.716124",1.0,2.0,1.0
"2022-01-26 12:01:50.596071",0.0,2.0,2.0
"2022-01-26 12:01:55.476227",0.0,2.0,2.0
"2022-01-26 12:02:00.356066",0.0,2.0,2.0
"2022-01-26 12:02:05.236065",0.0,2.0,2.0
"2022-01-26 12:02:10.116647",0.0,2.0,2.0
"2022-01-26 12:02:14.996067",0.0,2.0,2.0
"2022-01-26 12:02:19.879435",0.0,2.0,2.0
"2022-01-26 12:02:24.756139",1.0,2.0,1.0
"2022-01-26 12:02:29.636063",0.0,2.0,2.0
"2022-01-26 12:02:34.516080",0.0,2.0,2.0
"2022-01-26 12:02:39.395448",1.0,2.0,1.0
"2022-01-26 12:02:44.275932",1.0,2.0,1.0
"2022-01-26 12:02:49.156121",1.0,2.0,1.0
"2022-01-26 12:02:54.036076",1.0,2.0,1.0
"2022-01-26 12:02:58.916068",1.0,2.0,1.0
"2022-01-26 12:03:03.796072",1.0,2.0,1.0
"2022-01-26 12:03:08.675483",1.0,2.0,1.0
"2022-01-26 12:03:13.555543",1.0,2.0,1.0
"2022-01-26 12:03:18.435536",1.0,2.0,1.0
"2022-01-26 12:03:23.316082",1.0,2.0,1.0
"2022-01-26 12:03:28.196539",1.0,2.0,1.0
"2022-01-26 12:03:33.076077",1.0,2.0,1.0
"2022-01-26 12:03:37.956065",1.0,2.0,1.0
"2022-01-26 12:03:42.846277",1.0,2.0,1.0
"2022-01-26 12:03:47.715470",1.0,2.0,1.0
"2022-01-26 12:03:52.595657",1.0,2.0,1.0
"2022-01-26 12:03:57.475458",1.0,2.0,1.0
"2022-01-26 12:04:02.356069",1.0,2.0,1.0
"2022-01-26 12:04:07.236077",1.0,2.0,1.0
"2022-01-26 12:04:12.116058",1.0,2.0,1.0
"2022-01-26 12:04:16.996058",1.0,2.0,1.0
"2022-01-26 12:04:21.876058",1.0,2.0,1.0
"2022-01-26 12:04:26.756143",1.0,2.0,1.0
"2022-01-26 12:04:31.636083",1.0,2.0,1.0
"2022-01-26 12:04:36.516067",2.0,2.0,0.0
"2022-01-26 12:04:41.396074",2.0,2.0,0.0
"2022-01-26 12:04:46.276056",2.0,2.0,0.0
"2022-01-26 12:04:51.156069",2.0,2.0,0.0
"2022-01-26 12:04:56.036059",2.0,2.0,0.0
"2022-01-26 12:05:00.916065",2.0,2.0,0.0
"2022-01-26 12:05:05.795582",2.0,2.0,0.0
"2022-01-26 12:05:10.676064",2.0,2.0,0.0
"2022-01-26 12:05:15.556068",2.0,2.0,0.0
"2022-01-26 12:05:20.436060",2.0,2.0,0.0
"2022-01-26 12:05:25.395938",2.0,2.0,0.0
"2022-01-26 12:05:30.276071",1.0,2.0,1.0
"2022-01-26 12:05:35.156135",1.0,2.0,1.0
"2022-01-26 12:05:40.036129",2.0,2.0,0.0
"2022-01-26 12:05:44.916069",2.0,2.0,0.0
"2022-01-26 12:05:49.806061",2.0,2.0,0.0
"2022-01-26 12:05:54.676199",1.0,2.0,1.0
"2022-01-26 12:05:59.556074",1.0,2.0,1.0
"2022-01-26 12:06:04.436251",1.0,2.0,1.0
"2022-01-26 12:06:09.315442",1.0,2.0,1.0
"2022-01-26 12:06:14.196067",1.0,2.0,1.0
"2022-01-26 12:06:19.076195",1.0,2.0,1.0
"2022-01-26 12:06:23.956174",1.0,2.0,1.0
"2022-01-26 12:06:28.836076",1.0,2.0,1.0
"2022-01-26 12:06:33.716073",1.0,2.0,1.0
"2022-01-26 12:06:38.596125",1.0,2.0,1.0
"2022-01-26 12:06:43.476215",1.0,2.0,1.0
"2022-01-26 12:06:48.356109",1.0,2.0,1.0
"2022-01-26 12:06:53.236072",1.0,2.0,1.0
"2022-01-26 12:06:58.116072",1.0,2.0,1.0
"2022-01-26 12:07:02.996077",1.0,2.0,1.0
"2022-01-26 12:07:07.876060",1.0,2.0,1.0
"2022-01-26 12:07:12.796064",1.0,2.0,1.0
"2022-01-26 12:07:17.636062",1.0,2.0,1.0
"2022-01-26 12:07:22.516068",1.0,2.0,1.0
"2022-01-26 12:07:27.405531",0.0,2.0,2.0
"2022-01-26 12:07:32.275942",1.0,2.0,1.0
"2022-01-26 12:07:37.156066",1.0,2.0,1.0
"2022-01-26 12:07:42.036080",1.0,2.0,1.0
"2022-01-26 12:07:46.916064",1.0,2.0,1.0
"2022-01-26 12:07:51.796059",1.0,2.0,1.0
"2022-01-26 12:07:56.676069",1.0,2.0,1.0
"2022-01-26 12:08:01.556195",1.0,2.0,1.0
"2022-01-26 12:08:06.436078",1.0,2.0,1.0
"2022-01-26 12:08:11.316057",1.0,2.0,1.0
"2022-01-26 12:08:16.196061",1.0,2.0,1.0
"2022-01-26 12:08:21.075920",1.0,2.0,1.0
"2022-01-26 12:08:25.955491",2.0,2.0,0.0
"2022-01-26 12:08:30.836066",1.0,2.0,1.0
"2022-01-26 12:08:35.716061",2.0,2.0,0.0
"2022-01-26 12:08:40.635938",2.0,2.0,0.0
"2022-01-26 12:08:45.476073",2.0,2.0,0.0
"2022-01-26 12:08:50.356067",2.0,2.0,0.0
"2022-01-26 12:08:55.235447",2.0,2.0,0.0
"2022-01-26 12:09:00.115445",2.0,2.0,0.0
"2022-01-26 12:09:04.995931",2.0,2.0,0.0
"2022-01-26 12:09:09.876078",2.0,2.0,0.0
"2022-01-26 12:09:14.756077",2.0,2.0,0.0
"2022-01-26 12:09:19.635459",2.0,2.0,0.0
"2022-01-26 12:09:24.516054",2.0,2.0,0.0
"2022-01-26 12:09:29.395655",2.0,2.0,0.0
"2022-01-26 12:09:34.276063",2.0,2.0,0.0
"2022-01-26 12:09:39.156087",1.0,2.0,1.0
"2022-01-26 12:09:44.036065",1.0,2.0,1.0
"2022-01-26 12:09:48.916120",1.0,2.0,1.0
"2022-01-26 12:09:53.796084",1.0,2.0,1.0
"2022-01-26 12:09:58.676065",1.0,2.0,1.0
"2022-01-26 12:10:03.556095",1.0,2.0,1.0
"2022-01-26 12:10:08.435929",1.0,2.0,1.0
"2022-01-26 12:10:13.316085",1.0,2.0,1.0
"2022-01-26 12:10:18.207469",1.0,2.0,1.0
"2022-01-26 12:10:23.076063",1.0,2.0,1.0
"2022-01-26 12:10:27.955499",1.0,2.0,1.0
"2022-01-26 12:10:32.836201",2.0,2.0,0.0
"2022-01-26 12:10:37.715662",2.0,2.0,0.0
"2022-01-26 12:10:42.596069",2.0,2.0,0.0
"2022-01-26 12:10:47.476235",2.0,2.0,0.0
"2022-01-26 12:10:52.355445",2.0,2.0,0.0
"2022-01-26 12:10:57.235933",2.0,2.0,0.0
"2022-01-26 12:11:02.117112",2.0,2.0,0.0
"2022-01-26 12:11:06.995547",2.0,2.0,0.0
"2022-01-26 12:11:11.876092",2.0,2.0,0.0
"2022-01-26 12:11:16.769715",1.0,2.0,1.0
"2022-01-26 12:11:21.636062",2.0,2.0,0.0
"2022-01-26 12:11:26.516062",1.0,2.0,1.0
"2022-01-26 12:11:31.396067",1.0,2.0,1.0
"2022-01-26 12:11:36.276069",1.0,2.0,1.0
"2022-01-26 12:11:41.156299",0.0,2.0,2.0
"2022-01-26 12:11:46.035448",0.0,2.0,2.0
"2022-01-26 12:11:50.916083",0.0,2.0,2.0
"2022-01-26 12:11:55.805745",0.0,2.0,2.0
"2022-01-26 12:12:00.676392",-0.0,2.0,2.0
"2022-01-26 12:12:05.555885",-0.0,2.0,2.0
"2022-01-26 12:12:10.436063",0.0,2.0,2.0
"2022-01-26 12:12:15.316112",0.0,2.0,2.0
"2022-01-26 12:12:20.195907",0.0,2.0,2.0
"2022-01-26 12:12:25.075444",-0.0,2.0,2.0
"2022-01-26 12:12:29.965982",-0.0,2.0,2.0
"2022-01-26 12:12:34.836115",-0.0,2.0,2.0
"2022-01-26 12:12:39.716070",0.0,2.0,2.0
"2022-01-26 12:12:44.596065",0.0,2.0,2.0
"2022-01-26 12:12:49.476071",1.0,2.0,1.0
"2022-01-26 12:12:54.356136",0.0,2.0,2.0
"2022-01-26 12:12:59.236176",0.0,2.0,2.0
"2022-01-26 12:13:04.115929",0.0,2.0,2.0
"2022-01-26 12:13:08.996061",0.0,2.0,2.0
"2022-01-26 12:13:13.876069",0.0,2.0,2.0
"2022-01-26 12:13:18.756049",0.0,2.0,2.0
"2022-01-26 12:13:23.636061",0.0,2.0,2.0
"2022-01-26 12:13:28.516060",0.0,2.0,2.0
"2022-01-26 12:13:33.395457",0.0,2.0,2.0
"2022-01-26 12:13:38.275928",0.0,2.0,2.0
"2022-01-26 12:13:43.156141",0.0,2.0,2.0
"2022-01-26 12:13:48.036071",0.0,2.0,2.0
"2022-01-26 12:13:52.915536",0.0,2.0,2.0
"2022-01-26 12:13:57.796065",0.0,2.0,2.0
"2022-01-26 12:14:02.686065",0.0,2.0,2.0
"2022-01-26 12:14:07.556269",0.0,2.0,2.0
"2022-01-26 12:14:12.435448",0.0,2.0,2.0
"2022-01-26 12:14:17.316066",0.0,2.0,2.0
"2022-01-26 12:14:22.195520",0.0,2.0,2.0
"2022-01-26 12:14:27.076089",0.0,2.0,2.0
"2022-01-26 12:14:31.956062",0.0,2.0,2.0
"2022-01-26 12:14:36.836527",0.0,2.0,2.0
"2022-01-26 12:14:41.716065",-0.0,2.0,2.0
"2022-01-26 12:14:46.596062",-0.0,2.0,2.0
"2022-01-26 12:14:51.476182",-0.0,2.0,2.0
"2022-01-26 12:14:56.356320",-0.0,2.0,2.0
"2022-01-26 12:15:01.236082",-0.0,2.0,2.0
"2022-01-26 12:15:06.116070",-0.0,2.0,2.0
"2022-01-26 12:15:10.996069",-0.0,2.0,2.0
"2022-01-26 12:15:15.876082",-0.0,2.0,2.0
"2022-01-26 12:15:20.756051",-0.0,2.0,2.0
"2022-01-26 12:15:25.636051",-0.0,2.0,2.0
"2022-01-26 12:15:30.516136",-0.0,2.0,2.0
"2022-01-26 12:15:35.396070",-0.0,2.0,2.0
"2022-01-26 12:15:40.276064",0.0,2.0,2.0
"2022-01-26 12:15:45.235741",0.0,2.0,2.0
"2022-01-26 12:15:50.116065",0.0,2.0,2.0
"2022-01-26 12:15:55.035936",0.0,2.0,2.0
"2022-01-26 12:15:59.875639",0.0,2.0,2.0
"2022-01-26 12:16:04.756076",0.0,2.0,2.0
"2022-01-26 12:16:09.645669",0.0,2.0,2.0
"2022-01-26 12:16:14.515784",1.0,2.0,1.0
"2022-01-26 12:16:19.395564",0.0,2.0,2.0
"2022-01-26 12:16:24.275450",0.0,2.0,2.0
"2022-01-26 12:16:29.156060",0.0,2.0,2.0
"2022-01-26 12:16:34.036066",1.0,2.0,1.0
"2022-01-26 12:16:38.915447",1.0,2.0,1.0
"2022-01-26 12:16:43.796064",1.0,2.0,1.0
"2022-01-26 12:16:48.676076",0.0,2.0,2.0
"2022-01-26 12:16:53.556057",1.0,2.0,1.0
"2022-01-26 12:16:58.435490",1.0,2.0,1.0
"2022-01-26 12:17:03.315441",1.0,2.0,1.0
"2022-01-26 12:17:08.196360",1.0,2.0,1.0
"2022-01-26 12:17:13.076061",1.0,2.0,1.0
"2022-01-26 12:17:17.956072",1.0,2.0,1.0
"2022-01-26 12:17:22.836087",1.0,2.0,1.0
"2022-01-26 12:17:27.716077",1.0,2.0,1.0
"2022-01-26 12:17:32.596069",1.0,2.0,1.0
"2022-01-26 12:17:37.475814",1.0,2.0,1.0
"2022-01-26 12:17:42.356072",1.0,2.0,1.0
"2022-01-26 12:17:47.236199",1.0,2.0,1.0
"2022-01-26 12:17:52.116063",1.0,2.0,1.0
"2022-01-26 12:17:56.995555",1.0,2.0,1.0
"2022-01-26 12:18:01.876090",1.0,2.0,1.0
"2022-01-26 12:18:06.764509",1.0,2.0,1.0
"2022-01-26 12:18:11.635454",0.0,2.0,2.0
"2022-01-26 12:18:16.516063",0.0,2.0,2.0
"2022-01-26 12:18:21.395457",1.0,2.0,1.0
"2022-01-26 12:18:26.276081",0.0,2.0,2.0
"2022-01-26 12:18:31.156691",0.0,2.0,2.0
"2022-01-26 12:18:36.036082",0.0,2.0,2.0
"2022-01-26 12:18:40.915463",0.0,2.0,2.0
"2022-01-26 12:18:45.796066",0.0,2.0,2.0
"2022-01-26 12:18:50.676231",0.0,2.0,2.0
"2022-01-26 12:18:55.556083",-0.0,2.0,2.0
"2022-01-26 12:19:00.436064",-0.0,2.0,2.0
"2022-01-26 12:19:05.316066",0.0,2.0,2.0
"2022-01-26 12:19:10.196368",0.0,2.0,2.0
"2022-01-26 12:19:15.075975",0.0,2.0,2.0
"2022-01-26 12:19:19.955442",0.0,2.0,2.0
"2022-01-26 12:19:24.845745",0.0,2.0,2.0
"2022-01-26 12:19:29.715448",0.0,2.0,2.0
"2022-01-26 12:19:34.595465",0.0,2.0,2.0
"2022-01-26 12:19:39.476072",0.0,2.0,2.0
"2022-01-26 12:19:44.356064",0.0,2.0,2.0
"2022-01-26 12:19:49.235957",0.0,2.0,2.0
"2022-01-26 12:19:54.115461",0.0,2.0,2.0
"2022-01-26 12:19:58.996055",0.0,2.0,2.0
"2022-01-26 12:20:03.876076",0.0,2.0,2.0
"2022-01-26 12:20:08.755913",0.0,2.0,2.0
"2022-01-26 12:20:13.636072",0.0,2.0,2.0
"2022-01-26 12:20:18.516056",1.0,2.0,1.0
"2022-01-26 12:20:23.396020",1.0,2.0,1.0
"2022-01-26 12:20:28.275938",1.0,2.0,1.0
"2022-01-26 12:20:33.156144",1.0,2.0,1.0
"2022-01-26 12:20:38.036055",1.0,2.0,1.0
"2022-01-26 12:20:42.916056",1.0,2.0,1.0
"2022-01-26 12:20:47.796064",1.0,2.0,1.0
"2022-01-26 12:20:52.676077",1.0,2.0,1.0
"2022-01-26 12:20:57.556061",1.0,2.0,1.0
"2022-01-26 12:21:02.436076",1.0,2.0,1.0
"2022-01-26 12:21:07.316083",1.0,2.0,1.0
"2022-01-26 12:21:12.196056",1.0,2.0,1.0
"2022-01-26 12:21:17.076048",1.0,2.0,1.0
"2022-01-26 12:21:21.955456",1.0,2.0,1.0
"2022-01-26 12:21:26.836155",1.0,2.0,1.0
"2022-01-26 12:21:31.716063",1.0,2.0,1.0
"2022-01-26 12:21:36.596064",1.0,2.0,1.0
"2022-01-26 12:21:41.486062",1.0,2.0,1.0
"2022-01-26 12:21:46.356072",1.0,2.0,1.0
"2022-01-26 12:21:51.235553",1.0,2.0,1.0
"2022-01-26 12:21:56.116078",0.0,2.0,2.0
"2022-01-26 12:22:01.006059",0.0,2.0,2.0
"2022-01-26 12:22:05.876062",0.0,2.0,2.0
"2022-01-26 12:22:10.756134",0.0,2.0,2.0
"2022-01-26 12:22:15.636050",0.0,2.0,2.0
"2022-01-26 12:22:20.516112",1.0,2.0,1.0
"2022-01-26 12:22:25.396066",1.0,2.0,1.0
"2022-01-26 12:22:30.275614",1.0,2.0,1.0
"2022-01-26 12:22:35.196231",1.0,2.0,1.0
"2022-01-26 12:22:40.036104",1.0,2.0,1.0
"2022-01-26 12:22:44.916066",1.0,2.0,1.0
"2022-01-26 12:22:49.796163",1.0,2.0,1.0
"2022-01-26 12:22:54.676065",1.0,2.0,1.0
"2022-01-26 12:22:59.556077",1.0,2.0,1.0
"2022-01-26 12:23:04.436064",1.0,2.0,1.0
"2022-01-26 12:23:09.316064",1.0,2.0,1.0
"2022-01-26 12:23:14.196453",1.0,2.0,1.0
"2022-01-26 12:23:19.076063",1.0,2.0,1.0
"2022-01-26 12:23:23.956063",1.0,2.0,1.0
"2022-01-26 12:23:28.836087",1.0,2.0,1.0
"2022-01-26 12:23:33.716191",1.0,2.0,1.0
"2022-01-26 12:23:38.596066",1.0,2.0,1.0
"2022-01-26 12:23:43.476076",1.0,2.0,1.0
"2022-01-26 12:23:48.356108",1.0,2.0,1.0
"2022-01-26 12:23:53.235949",1.0,2.0,1.0
"2022-01-26 12:23:58.116056",1.0,2.0,1.0
"2022-01-26 12:24:02.996065",1.0,2.0,1.0
"2022-01-26 12:24:07.876066",1.0,2.0,1.0
"2022-01-26 12:24:12.755797",1.0,2.0,1.0
"2022-01-26 12:24:17.635900",1.0,2.0,1.0
"2022-01-26 12:24:22.515671",1.0,2.0,1.0
"2022-01-26 12:24:27.396062",1.0,2.0,1.0
"2022-01-26 12:24:32.276402",0.0,2.0,2.0
"2022-01-26 12:24:37.156062",0.0,2.0,2.0
"2022-01-26 12:24:42.036054",0.0,2.0,2.0
"2022-01-26 12:24:46.915581",0.0,2.0,2.0
"2022-01-26 12:24:51.796107",1.0,2.0,1.0
"2022-01-26 12:24:56.676185",0.0,2.0,2.0
"2022-01-26 12:25:01.556132",0.0,2.0,2.0
"2022-01-26 12:25:06.436064",0.0,2.0,2.0
"2022-01-26 12:25:11.316065",1.0,2.0,1.0
"2022-01-26 12:25:16.196072",1.0,2.0,1.0
"2022-01-26 12:25:21.076058",1.0,2.0,1.0
"2022-01-26 12:25:25.966066",1.0,2.0,1.0
"2022-01-26 12:25:30.836199",1.0,2.0,1.0
"2022-01-26 12:25:35.715852",1.0,2.0,1.0
"2022-01-26 12:25:40.596079",1.0,2.0,1.0
"2022-01-26 12:25:45.476061",1.0,2.0,1.0
"2022-01-26 12:25:50.356057",1.0,2.0,1.0
"2022-01-26 12:25:55.236058",1.0,2.0,1.0
"2022-01-26 12:26:00.116060",1.0,2.0,1.0
"2022-01-26 12:26:04.996082",1.0,2.0,1.0
"2022-01-26 12:26:09.876076",1.0,2.0,1.0
"2022-01-26 12:26:14.756081",1.0,2.0,1.0
"2022-01-26 12:26:19.676458",1.0,2.0,1.0
"2022-01-26 12:26:24.516051",0.0,2.0,2.0
"2022-01-26 12:26:29.396081",0.0,2.0,2.0
"2022-01-26 12:26:34.285812",0.0,2.0,2.0
"2022-01-26 12:26:39.156060",1.0,2.0,1.0
"2022-01-26 12:26:44.046071",1.0,2.0,1.0
"2022-01-26 12:26:48.916063",1.0,2.0,1.0
"2022-01-26 12:26:53.796072",1.0,2.0,1.0
"2022-01-26 12:26:58.685956",1.0,2.0,1.0
"2022-01-26 12:27:03.555964",1.0,2.0,1.0
"2022-01-26 12:27:08.436013",1.0,2.0,1.0
"2022-01-26 12:27:13.316064",1.0,2.0,1.0
"2022-01-26 12:27:18.196060",1.0,2.0,1.0
"2022-01-26 12:27:23.075442",1.0,2.0,1.0
"2022-01-26 12:27:27.955594",1.0,2.0,1.0
"2022-01-26 12:27:32.836056",1.0,2.0,1.0
"2022-01-26 12:27:37.716053",1.0,2.0,1.0
"2022-01-26 12:27:42.596067",1.0,2.0,1.0
"2022-01-26 12:27:47.476043",1.0,2.0,1.0
"2022-01-26 12:27:52.356067",1.0,2.0,1.0
"2022-01-26 12:27:57.235548",1.0,2.0,1.0
"2022-01-26 12:28:02.116066",1.0,2.0,1.0
"2022-01-26 12:28:07.005509",1.0,2.0,1.0
"2022-01-26 12:28:11.876062",1.0,2.0,1.0
"2022-01-26 12:28:16.756205",1.0,2.0,1.0
"2022-01-26 12:28:21.636215",1.0,2.0,1.0
"2022-01-26 12:28:26.515452",1.0,2.0,1.0
"2022-01-26 12:28:31.396079",1.0,2.0,1.0
"2022-01-26 12:28:36.285960",1.0,2.0,1.0
"2022-01-26 12:28:41.155503",1.0,2.0,1.0
"2022-01-26 12:28:46.036068",1.0,2.0,1.0
"2022-01-26 12:28:50.915948",1.0,2.0,1.0
"2022-01-26 12:28:55.796683",1.0,2.0,1.0
"2022-01-26 12:29:00.675443",1.0,2.0,1.0
"2022-01-26 12:29:05.555892",1.0,2.0,1.0
"2022-01-26 12:29:10.436063",1.0,2.0,1.0
"2022-01-26 12:29:15.316066",1.0,2.0,1.0
"2022-01-26 12:29:20.196083",1.0,2.0,1.0
"2022-01-26 12:29:25.086016",1.0,2.0,1.0
"2022-01-26 12:29:29.956065",1.0,2.0,1.0
"2022-01-26 12:29:34.836070",1.0,2.0,1.0
"2022-01-26 12:29:39.716538",1.0,2.0,1.0
"2022-01-26 12:29:44.596056",1.0,2.0,1.0
"2022-01-26 12:29:49.476067",2.0,2.0,0.0
"2022-01-26 12:29:54.356063",2.0,2.0,0.0
"2022-01-26 12:29:59.236122",2.0,2.0,0.0
"2022-01-26 12:30:04.115574",2.0,2.0,0.0
"2022-01-26 12:30:08.995560",2.0,2.0,0.0
"2022-01-26 12:30:13.875573",2.0,2.0,0.0
"2022-01-26 12:30:18.765723",2.0,2.0,0.0
"2022-01-26 12:30:23.636078",2.0,2.0,0.0
"2022-01-26 12:30:28.515469",2.0,2.0,0.0
"2022-01-26 12:30:33.405554",2.0,2.0,0.0
"2022-01-26 12:30:38.275599",2.0,2.0,0.0
"2022-01-26 12:30:43.156074",2.0,2.0,0.0
"2022-01-26 12:30:48.036193",2.0,2.0,0.0
"2022-01-26 12:30:52.916047",2.0,2.0,0.0
"2022-01-26 12:30:57.796049",2.0,2.0,0.0
"2022-01-26 12:31:02.676073",2.0,2.0,0.0
"2022-01-26 12:31:07.556069",2.0,2.0,0.0
"2022-01-26 12:31:12.436058",2.0,2.0,0.0
"2022-01-26 12:31:17.316063",2.0,2.0,0.0
"2022-01-26 12:31:22.195445",2.0,2.0,0.0
"2022-01-26 12:31:27.076112",2.0,2.0,0.0
"2022-01-26 12:31:31.955554",2.0,2.0,0.0
"2022-01-26 12:31:36.836072",2.0,2.0,0.0
"2022-01-26 12:31:41.715507",2.0,2.0,0.0
"2022-01-26 12:31:46.596136",2.0,2.0,0.0
"2022-01-26 12:31:51.476088",1.0,2.0,1.0
"2022-01-26 12:31:56.356153",1.0,2.0,1.0
"2022-01-26 12:32:01.236063",1.0,2.0,1.0
"2022-01-26 12:32:06.116067",1.0,2.0,1.0
"2022-01-26 12:32:10.996052",1.0,2.0,1.0
"2022-01-26 12:32:15.875448",1.0,2.0,1.0
"2022-01-26 12:32:20.765535",1.0,2.0,1.0
"2022-01-26 12:32:25.635696",1.0,2.0,1.0
"2022-01-26 12:32:30.515952",1.0,2.0,1.0
"2022-01-26 12:32:35.435712",1.0,2.0,1.0
"2022-01-26 12:32:40.355929",1.0,2.0,1.0
"2022-01-26 12:32:45.275610",1.0,2.0,1.0
"2022-01-26 12:32:50.116835",1.0,2.0,1.0
"2022-01-26 12:32:54.996063",1.0,2.0,1.0
"2022-01-26 12:32:59.876079",1.0,2.0,1.0
"2022-01-26 12:33:04.765667",1.0,2.0,1.0
"2022-01-26 12:33:09.636067",1.0,2.0,1.0
"2022-01-26 12:33:14.516074",1.0,2.0,1.0
"2022-01-26 12:33:19.396074",1.0,2.0,1.0
"2022-01-26 12:33:24.276054",1.0,2.0,1.0
"2022-01-26 12:33:29.165501",1.0,2.0,1.0
"2022-01-26 12:33:34.036070",1.0,2.0,1.0
"2022-01-26 12:33:38.915445",1.0,2.0,1.0
"2022-01-26 12:33:43.796063",2.0,2.0,0.0
"2022-01-26 12:33:48.676083",2.0,2.0,0.0
"2022-01-26 12:33:53.556089",2.0,2.0,0.0
"2022-01-26 12:33:58.446091",2.0,2.0,0.0
"2022-01-26 12:34:03.315450",2.0,2.0,0.0
"2022-01-26 12:34:08.195849",2.0,2.0,0.0
"2022-01-26 12:34:13.076612",2.0,2.0,0.0
"2022-01-26 12:34:17.956077",1.0,2.0,1.0
"2022-01-26 12:34:22.836062",1.0,2.0,1.0
"2022-01-26 12:34:27.726217",1.0,2.0,1.0
"2022-01-26 12:34:32.596055",2.0,2.0,0.0
"2022-01-26 12:34:37.476547",1.0,2.0,1.0
"2022-01-26 12:34:42.356066",2.0,2.0,0.0
"2022-01-26 12:34:47.235445",2.0,2.0,0.0
"2022-01-26 12:34:52.116207",2.0,2.0,0.0
"2022-01-26 12:34:57.006064",2.0,2.0,0.0
"2022-01-26 12:35:01.915495",2.0,2.0,0.0
"2022-01-26 12:35:06.756231",2.0,2.0,0.0
"2022-01-26 12:35:11.635743",2.0,2.0,0.0
"2022-01-26 12:35:16.515597",2.0,2.0,0.0
"2022-01-26 12:35:21.396074",2.0,2.0,0.0
"2022-01-26 12:35:26.276063",2.0,3.0,1.0
"2022-01-26 12:35:31.156070",2.0,2.0,0.0
"2022-01-26 12:35:36.045587",2.0,2.0,0.0
"2022-01-26 12:35:40.915752",1.0,2.0,1.0
"2022-01-26 12:35:45.795646",1.0,3.0,2.0
"2022-01-26 12:35:50.685547",1.0,2.0,1.0
"2022-01-26 12:35:55.556081",1.0,2.0,1.0
"2022-01-26 12:36:00.436060",1.0,3.0,2.0
"2022-01-26 12:36:05.316065",1.0,3.0,2.0
"2022-01-26 12:36:10.196067",1.0,3.0,2.0
"2022-01-26 12:36:15.075950",1.0,2.0,1.0
"2022-01-26 12:36:19.956073",1.0,2.0,1.0
"2022-01-26 12:36:24.836564",2.0,2.0,0.0
"2022-01-26 12:36:29.716076",2.0,2.0,0.0
"2022-01-26 12:36:34.596210",2.0,2.0,0.0
"2022-01-26 12:36:39.476062",2.0,3.0,1.0
"2022-01-26 12:36:44.356068",2.0,3.0,1.0
"2022-01-26 12:36:49.236268",2.0,3.0,1.0
"2022-01-26 12:36:54.116108",2.0,3.0,1.0
"2022-01-26 12:36:58.996061",2.0,3.0,1.0
"2022-01-26 12:37:03.876204",2.0,3.0,1.0
"2022-01-26 12:37:08.756150",2.0,3.0,1.0
"2022-01-26 12:37:13.636070",2.0,3.0,1.0
"2022-01-26 12:37:18.516056",2.0,3.0,1.0
"2022-01-26 12:37:23.396102",2.0,3.0,1.0
"2022-01-26 12:37:28.276131",2.0,3.0,1.0
"2022-01-26 12:37:33.156082",2.0,3.0,1.0
"2022-01-26 12:37:38.036072",1.0,3.0,2.0
"2022-01-26 12:37:42.916063",2.0,3.0,1.0
"2022-01-26 12:37:47.796067",2.0,3.0,1.0
"2022-01-26 12:37:52.676082",2.0,3.0,1.0
"2022-01-26 12:37:57.556061",2.0,3.0,1.0
"2022-01-26 12:38:02.436053",2.0,3.0,1.0
"2022-01-26 12:38:07.315882",2.0,3.0,1.0
"2022-01-26 12:38:12.196162",2.0,3.0,1.0
"2022-01-26 12:38:17.095844",2.0,3.0,1.0
"2022-01-26 12:38:21.955539",2.0,3.0,1.0
"2022-01-26 12:38:26.835938",2.0,3.0,1.0
"2022-01-26 12:38:31.716112",1.0,3.0,2.0
"2022-01-26 12:38:36.596057",1.0,3.0,2.0
"2022-01-26 12:38:41.476104",1.0,3.0,2.0
"2022-01-26 12:38:46.356071",1.0,3.0,2.0
"2022-01-26 12:38:51.236113",1.0,3.0,2.0
"2022-01-26 12:38:56.115673",1.0,3.0,2.0
"2022-01-26 12:39:00.996071",1.0,3.0,2.0
"2022-01-26 12:39:05.876067",1.0,3.0,2.0
"2022-01-26 12:39:10.755928",1.0,3.0,2.0
"2022-01-26 12:39:15.635533",1.0,3.0,2.0
"2022-01-26 12:39:20.516056",1.0,3.0,2.0
"2022-01-26 12:39:25.395454",1.0,3.0,2.0
"2022-01-26 12:39:30.275916",2.0,3.0,1.0
"2022-01-26 12:39:35.156353",2.0,3.0,1.0
"2022-01-26 12:39:40.036062",2.0,3.0,1.0
"2022-01-26 12:39:44.916059",2.0,3.0,1.0
"2022-01-26 12:39:49.796102",2.0,3.0,1.0
"2022-01-26 12:39:54.676063",2.0,3.0,1.0
"2022-01-26 12:39:59.556067",1.0,3.0,2.0
"2022-01-26 12:40:04.436067",1.0,3.0,2.0
"2022-01-26 12:40:09.316060",1.0,3.0,2.0
"2022-01-26 12:40:14.196068",1.0,3.0,2.0
"2022-01-26 12:40:19.076062",1.0,3.0,2.0
"2022-01-26 12:40:23.965845",1.0,3.0,2.0
"2022-01-26 12:40:28.836062",1.0,3.0,2.0
"2022-01-26 12:40:33.715443",1.0,3.0,2.0
"2022-01-26 12:40:38.598077",1.0,3.0,2.0
"2022-01-26 12:40:43.475591",1.0,3.0,2.0
"2022-01-26 12:40:48.355468",1.0,3.0,2.0
"2022-01-26 12:40:53.248177",1.0,3.0,2.0
"2022-01-26 12:40:58.116069",1.0,3.0,2.0
"2022-01-26 12:41:02.996066",1.0,3.0,2.0
"2022-01-26 12:41:07.876062",1.0,3.0,2.0
"2022-01-26 12:41:12.756149",1.0,3.0,2.0
"2022-01-26 12:41:17.635526",1.0,3.0,2.0
"2022-01-26 12:41:22.519367",1.0,3.0,2.0
"2022-01-26 12:41:27.395574",1.0,3.0,2.0
"2022-01-26 12:41:32.276087",1.0,3.0,2.0
"2022-01-26 12:41:37.156161",1.0,3.0,2.0
"2022-01-26 12:41:42.036799",1.0,3.0,2.0
"2022-01-26 12:41:46.916062",1.0,3.0,2.0
"2022-01-26 12:41:51.795557",1.0,3.0,2.0
"2022-01-26 12:41:56.676066",1.0,3.0,2.0
"2022-01-26 12:42:01.555444",1.0,3.0,2.0
"2022-01-26 12:42:06.436068",1.0,3.0,2.0
"2022-01-26 12:42:11.315699",1.0,3.0,2.0
"2022-01-26 12:42:16.196079",1.0,3.0,2.0
"2022-01-26 12:42:21.075536",2.0,3.0,1.0
"2022-01-26 12:42:25.956359",2.0,3.0,1.0
"2022-01-26 12:42:30.835447",2.0,3.0,1.0
"2022-01-26 12:42:35.715477",2.0,3.0,1.0
"2022-01-26 12:42:40.596060",2.0,3.0,1.0
"2022-01-26 12:42:45.476065",2.0,3.0,1.0
"2022-01-26 12:42:50.355575",2.0,3.0,1.0
"2022-01-26 12:42:55.236071",2.0,3.0,1.0
"2022-01-26 12:43:00.116081",2.0,3.0,1.0
"2022-01-26 12:43:04.996141",2.0,3.0,1.0
"2022-01-26 12:43:09.876111",2.0,3.0,1.0
"2022-01-26 12:43:14.756048",2.0,3.0,1.0
"2022-01-26 12:43:19.636156",2.0,3.0,1.0
"2022-01-26 12:43:24.516062",1.0,3.0,2.0
"2022-01-26 12:43:29.395557",1.0,3.0,2.0
"2022-01-26 12:43:34.275934",2.0,3.0,1.0
"2022-01-26 12:43:39.156107",2.0,3.0,1.0
"2022-01-26 12:43:44.036059",2.0,3.0,1.0
"2022-01-26 12:43:48.916095",2.0,3.0,1.0
"2022-01-26 12:43:53.796647",2.0,3.0,1.0
"2022-01-26 12:43:58.675532",2.0,3.0,1.0
"2022-01-26 12:44:03.555516",2.0,3.0,1.0
"2022-01-26 12:44:08.435509",2.0,3.0,1.0
"2022-01-26 12:44:13.315663",2.0,3.0,1.0
"2022-01-26 12:44:18.196106",2.0,3.0,1.0
"2022-01-26 12:44:23.075449",2.0,3.0,1.0
"2022-01-26 12:44:27.956074",2.0,3.0,1.0
"2022-01-26 12:44:32.836079",1.0,3.0,2.0
"2022-01-26 12:44:37.715593",1.0,3.0,2.0
"2022-01-26 12:44:42.596205",1.0,3.0,2.0
"2022-01-26 12:44:47.476064",1.0,3.0,2.0
"2022-01-26 12:44:52.355512",2.0,3.0,1.0
"2022-01-26 12:44:57.235895",2.0,3.0,1.0
"2022-01-26 12:45:02.116471",2.0,3.0,1.0
"2022-01-26 12:45:06.996200",2.0,3.0,1.0
"2022-01-26 12:45:11.876095",2.0,3.0,1.0
"2022-01-26 12:45:16.756074",2.0,3.0,1.0
"2022-01-26 12:45:21.635934",2.0,3.0,1.0
"2022-01-26 12:45:26.516063",2.0,3.0,1.0
"2022-01-26 12:45:31.395842",2.0,3.0,1.0
"2022-01-26 12:45:36.276052",2.0,3.0,1.0
"2022-01-26 12:45:41.156136",2.0,3.0,1.0
"2022-01-26 12:45:46.036201",2.0,3.0,1.0
"2022-01-26 12:45:50.916050",2.0,3.0,1.0
"2022-01-26 12:45:55.796116",1.0,3.0,2.0
"2022-01-26 12:46:00.675968",1.0,3.0,2.0
"2022-01-26 12:46:05.556101",1.0,3.0,2.0
"2022-01-26 12:46:10.436054",1.0,3.0,2.0
"2022-01-26 12:46:15.325888",1.0,3.0,2.0
"2022-01-26 12:46:20.196099",1.0,3.0,2.0
"2022-01-26 12:46:25.076145",1.0,3.0,2.0
"2022-01-26 12:46:29.956287",1.0,3.0,2.0
"2022-01-26 12:46:34.836127",1.0,3.0,2.0
"2022-01-26 12:46:39.716132",1.0,3.0,2.0
"2022-01-26 12:46:44.595433",1.0,3.0,2.0
"2022-01-26 12:46:49.476122",1.0,3.0,2.0
"2022-01-26 12:46:54.355926",1.0,3.0,2.0
"2022-01-26 12:46:59.236066",1.0,3.0,2.0
"2022-01-26 12:47:04.116075",1.0,3.0,2.0
"2022-01-26 12:47:08.995928",2.0,3.0,1.0
"2022-01-26 12:47:13.876075",1.0,3.0,2.0
"2022-01-26 12:47:18.756062",2.0,3.0,1.0
"2022-01-26 12:47:23.636064",2.0,3.0,1.0
"2022-01-26 12:47:28.516068",2.0,3.0,1.0
"2022-01-26 12:47:33.396065",2.0,3.0,1.0
"2022-01-26 12:47:38.276094",2.0,3.0,1.0
"2022-01-26 12:47:43.156062",2.0,3.0,1.0
"2022-01-26 12:47:48.045967",1.0,3.0,2.0
"2022-01-26 12:47:52.918802",1.0,3.0,2.0
"2022-01-26 12:47:57.795643",1.0,3.0,2.0
"2022-01-26 12:48:02.675751",2.0,3.0,1.0
"2022-01-26 12:48:07.556081",1.0,3.0,2.0
"2022-01-26 12:48:12.436062",1.0,3.0,2.0
"2022-01-26 12:48:17.316073",1.0,3.0,2.0
"2022-01-26 12:48:22.195473",2.0,3.0,1.0
"2022-01-26 12:48:27.075700",2.0,3.0,1.0
"2022-01-26 12:48:31.955635",2.0,3.0,1.0
"2022-01-26 12:48:36.835546",2.0,3.0,1.0
"2022-01-26 12:48:41.717107",2.0,3.0,1.0
"2022-01-26 12:48:46.596089",2.0,3.0,1.0
"2022-01-26 12:48:51.476895",2.0,3.0,1.0
"2022-01-26 12:48:56.355552",2.0,3.0,1.0
"2022-01-26 12:49:01.235921",2.0,3.0,1.0
"2022-01-26 12:49:06.115437",2.0,3.0,1.0
"2022-01-26 12:49:10.996452",2.0,3.0,1.0
"2022-01-26 12:49:15.876063",2.0,3.0,1.0
"2022-01-26 12:49:20.755661",1.0,3.0,2.0
"2022-01-26 12:49:25.635553",2.0,3.0,1.0
"2022-01-26 12:49:30.516315",2.0,3.0,1.0
"2022-01-26 12:49:35.395956",2.0,3.0,1.0
"2022-01-26 12:49:40.275917",2.0,3.0,1.0
"2022-01-26 12:49:45.155794",2.0,3.0,1.0
"2022-01-26 12:49:50.036071",2.0,3.0,1.0
"2022-01-26 12:49:54.925513",2.0,3.0,1.0
"2022-01-26 12:49:59.796430",2.0,3.0,1.0
"2022-01-26 12:50:04.676071",2.0,3.0,1.0
"2022-01-26 12:50:09.556077",2.0,3.0,1.0
"2022-01-26 12:50:14.436056",2.0,3.0,1.0
"2022-01-26 12:50:19.316108",2.0,3.0,1.0
"2022-01-26 12:50:24.196235",2.0,3.0,1.0
"2022-01-26 12:50:29.076066",2.0,3.0,1.0
"2022-01-26 12:50:33.956081",2.0,3.0,1.0
"2022-01-26 12:50:38.836059",1.0,3.0,2.0
"2022-01-26 12:50:43.716066",1.0,3.0,2.0
"2022-01-26 12:50:48.596072",1.0,3.0,2.0
"2022-01-26 12:50:53.476063",1.0,3.0,2.0
"2022-01-26 12:50:58.356062",1.0,3.0,2.0
"2022-01-26 12:51:03.236094",1.0,3.0,2.0
"2022-01-26 12:51:08.116063",1.0,3.0,2.0
"2022-01-26 12:51:12.996064",2.0,3.0,1.0
"2022-01-26 12:51:17.876071",2.0,3.0,1.0
"2022-01-26 12:51:22.755793",2.0,3.0,1.0
"2022-01-26 12:51:27.636076",2.0,3.0,1.0
"2022-01-26 12:51:32.515502",2.0,3.0,1.0
"2022-01-26 12:51:37.396065",2.0,3.0,1.0
"2022-01-26 12:51:42.275940",2.0,3.0,1.0
"2022-01-26 12:51:47.156156",2.0,3.0,1.0
"2022-01-26 12:51:52.036058",1.0,3.0,2.0
"2022-01-26 12:51:56.916063",2.0,3.0,1.0
"2022-01-26 12:52:01.796066",1.0,3.0,2.0
"2022-01-26 12:52:06.676057",2.0,3.0,1.0
"2022-01-26 12:52:11.555496",2.0,3.0,1.0
"2022-01-26 12:52:16.436065",2.0,3.0,1.0
"2022-01-26 12:52:21.315507",2.0,3.0,1.0
"2022-01-26 12:52:26.235941",2.0,3.0,1.0
"2022-01-26 12:52:31.076054",2.0,3.0,1.0
"2022-01-26 12:52:35.956093",2.0,3.0,1.0
"2022-01-26 12:52:40.835593",1.0,3.0,2.0
"2022-01-26 12:52:45.716208",1.0,3.0,2.0
"2022-01-26 12:52:50.595699",1.0,3.0,2.0
"2022-01-26 12:52:55.476068",1.0,3.0,2.0
"2022-01-26 12:53:00.356084",1.0,3.0,2.0
"2022-01-26 12:53:05.235536",1.0,2.0,1.0
"2022-01-26 12:53:10.116072",1.0,2.0,1.0
"2022-01-26 12:53:14.995554",1.0,3.0,2.0
"2022-01-26 12:53:19.876077",1.0,2.0,1.0
"2022-01-26 12:53:24.756192",1.0,2.0,1.0
"2022-01-26 12:53:29.635455",1.0,2.0,1.0
"2022-01-26 12:53:34.515603",1.0,2.0,1.0
"2022-01-26 12:53:39.406063",1.0,2.0,1.0
"2022-01-26 12:53:44.275984",2.0,2.0,0.0
"2022-01-26 12:53:49.156361",2.0,2.0,0.0
"2022-01-26 12:53:54.035477",2.0,2.0,0.0
"2022-01-26 12:53:58.916075",2.0,2.0,0.0
"2022-01-26 12:54:03.796110",2.0,2.0,0.0
"2022-01-26 12:54:08.676068",2.0,3.0,1.0
"2022-01-26 12:54:13.556050",2.0,3.0,1.0
"2022-01-26 12:54:18.436075",2.0,3.0,1.0
"2022-01-26 12:54:23.316065",2.0,2.0,0.0
"2022-01-26 12:54:28.195567",2.0,2.0,0.0
"2022-01-26 12:54:33.076062",2.0,3.0,1.0
"2022-01-26 12:54:37.956197",2.0,3.0,1.0
"2022-01-26 12:54:42.835595",2.0,2.0,0.0
"2022-01-26 12:54:47.715654",2.0,2.0,0.0
"2022-01-26 12:54:52.596058",1.0,3.0,2.0
"2022-01-26 12:54:57.475518",1.0,3.0,2.0
"2022-01-26 12:55:02.355457",1.0,3.0,2.0
"2022-01-26 12:55:07.245805",1.0,3.0,2.0
"2022-01-26 12:55:12.116060",1.0,3.0,2.0
"2022-01-26 12:55:16.996061",1.0,3.0,2.0
"2022-01-26 12:55:21.876098",1.0,3.0,2.0
"2022-01-26 12:55:26.756199",1.0,3.0,2.0
"2022-01-26 12:55:31.636068",1.0,3.0,2.0
"2022-01-26 12:55:36.516244",0.0,3.0,3.0
"2022-01-26 12:55:41.395930",0.0,3.0,3.0
"2022-01-26 12:55:46.276067",-0.0,3.0,3.0
"2022-01-26 12:55:51.196429",-0.0,3.0,3.0
"2022-01-26 12:55:56.116066",-1.0,3.0,4.0
"2022-01-26 12:56:00.996079",-1.0,3.0,4.0
"2022-01-26 12:56:05.876095",-1.0,3.0,4.0
"2022-01-26 12:56:10.756201",-1.0,3.0,4.0
"2022-01-26 12:56:15.636069",-1.0,3.0,4.0
"2022-01-26 12:56:20.516057",-1.0,3.0,4.0
"2022-01-26 12:56:25.396066",-1.0,3.0,4.0
"2022-01-26 12:56:30.276073",-2.0,3.0,5.0
"2022-01-26 12:56:35.155464",-1.0,3.0,4.0
"2022-01-26 12:56:40.036074",-1.0,3.0,4.0
"2022-01-26 12:56:44.916822",-1.0,3.0,4.0
"2022-01-26 12:56:49.796065",-0.0,3.0,3.0
"2022-01-26 12:56:54.676064",0.0,3.0,3.0
"2022-01-26 12:56:59.556065",1.0,3.0,2.0
"2022-01-26 12:57:04.436064",1.0,3.0,2.0
"2022-01-26 12:57:09.315824",1.0,3.0,2.0
"2022-01-26 12:57:14.196173",1.0,3.0,2.0
"2022-01-26 12:57:19.076072",1.0,3.0,2.0
"2022-01-26 12:57:23.956082",1.0,3.0,2.0
"2022-01-26 12:57:28.836068",1.0,3.0,2.0
"2022-01-26 12:57:33.716066",1.0,3.0,2.0
"2022-01-26 12:57:38.596064",1.0,3.0,2.0
"2022-01-26 12:57:43.476070",1.0,3.0,2.0
"2022-01-26 12:57:48.356067",1.0,3.0,2.0
"2022-01-26 12:57:53.236079",1.0,3.0,2.0
"2022-01-26 12:57:58.116082",1.0,3.0,2.0
"2022-01-26 12:58:02.996521",2.0,3.0,1.0
"2022-01-26 12:58:07.915785",2.0,3.0,1.0
"2022-01-26 12:58:12.755924",2.0,3.0,1.0
"2022-01-26 12:58:17.635461",2.0,3.0,1.0
"2022-01-26 12:58:22.516067",2.0,3.0,1.0
"2022-01-26 12:58:27.396146",2.0,3.0,1.0
"2022-01-26 12:58:32.276066",2.0,3.0,1.0
"2022-01-26 12:58:37.156094",2.0,3.0,1.0
"2022-01-26 12:58:42.036064",2.0,3.0,1.0
"2022-01-26 12:58:46.916143",2.0,3.0,1.0
"2022-01-26 12:58:51.796056",2.0,3.0,1.0
"2022-01-26 12:58:56.676068",2.0,3.0,1.0
"2022-01-26 12:59:01.556196",2.0,3.0,1.0
"2022-01-26 12:59:06.436053",2.0,3.0,1.0
"2022-01-26 12:59:11.316051",2.0,3.0,1.0
"2022-01-26 12:59:16.196158",2.0,3.0,1.0
"2022-01-26 12:59:21.076066",2.0,3.0,1.0
"2022-01-26 12:59:25.956057",2.0,3.0,1.0
"2022-01-26 12:59:30.836148",2.0,3.0,1.0
"2022-01-26 12:59:35.715459",2.0,3.0,1.0
"2022-01-26 12:59:40.596062",2.0,3.0,1.0
"2022-01-26 12:59:45.476056",2.0,3.0,1.0
"2022-01-26 12:59:50.356061",2.0,3.0,1.0
"2022-01-26 12:59:55.236165",1.0,3.0,2.0
"2022-01-26 13:00:00.116074",1.0,3.0,2.0
"2022-01-26 13:00:04.996064",1.0,3.0,2.0
"2022-01-26 13:00:09.876067",1.0,3.0,2.0
"2022-01-26 13:00:14.756065",1.0,3.0,2.0
"2022-01-26 13:00:19.635925",1.0,3.0,2.0
"2022-01-26 13:00:24.516062",1.0,3.0,2.0
"2022-01-26 13:00:29.396060",1.0,3.0,2.0
"2022-01-26 13:00:34.276079",2.0,3.0,1.0
"2022-01-26 13:00:39.156155",2.0,3.0,1.0
"2022-01-26 13:00:44.036060",2.0,3.0,1.0
"2022-01-26 13:00:48.916059",1.0,3.0,2.0
"2022-01-26 13:00:53.796216",1.0,3.0,2.0
"2022-01-26 13:00:58.676057",1.0,3.0,2.0
"2022-01-26 13:01:03.556073",0.0,3.0,3.0
"2022-01-26 13:01:08.436073",-1.0,3.0,4.0
"2022-01-26 13:01:13.316072",-1.0,3.0,4.0
"2022-01-26 13:01:18.195461",-3.0,3.0,6.0
"2022-01-26 13:01:23.085598",-3.0,3.0,6.0
"2022-01-26 13:01:27.956066",-4.0,3.0,7.0
"2022-01-26 13:01:32.836061",-4.0,3.0,7.0
"2022-01-26 13:01:37.716726",-4.0,2.0,6.0
"2022-01-26 13:01:42.596089",-2.0,2.0,4.0
"2022-01-26 13:01:47.475447",-1.0,2.0,3.0
"2022-01-26 13:01:52.356068",1.0,2.0,1.0
"2022-01-26 13:01:57.236147",1.0,2.0,1.0
"2022-01-26 13:02:02.116082",1.0,2.0,1.0
"2022-01-26 13:02:07.046021",1.0,3.0,2.0
"2022-01-26 13:02:11.956061",1.0,2.0,1.0
"2022-01-26 13:02:16.836065",0.0,3.0,3.0
"2022-01-26 13:02:21.716063",0.0,3.0,3.0
"2022-01-26 13:02:26.596062",0.0,3.0,3.0
"2022-01-26 13:02:31.476091",1.0,3.0,2.0
"2022-01-26 13:02:36.356077",1.0,3.0,2.0
"2022-01-26 13:02:41.245964",0.0,3.0,3.0
"2022-01-26 13:02:46.116074",1.0,3.0,2.0
"2022-01-26 13:02:51.036232",1.0,3.0,2.0
"2022-01-26 13:02:55.875879",1.0,3.0,2.0
"2022-01-26 13:03:00.756075",1.0,3.0,2.0
"2022-01-26 13:03:05.636071",1.0,3.0,2.0
"2022-01-26 13:03:10.516062",1.0,3.0,2.0
"2022-01-26 13:03:15.396129",1.0,3.0,2.0
"2022-01-26 13:03:20.276075",0.0,3.0,3.0
"2022-01-26 13:03:25.156083",-0.0,3.0,3.0
"2022-01-26 13:03:30.036472",-0.0,3.0,3.0
"2022-01-26 13:03:34.916144",-0.0,3.0,3.0
"2022-01-26 13:03:39.795519",-1.0,3.0,4.0
"2022-01-26 13:03:44.676063",-2.0,3.0,5.0
"2022-01-26 13:03:49.556061",-1.0,3.0,4.0
"2022-01-26 13:03:54.435924",0.0,3.0,3.0
"2022-01-26 13:03:59.316073",0.0,3.0,3.0
"2022-01-26 13:04:04.195944",-0.0,3.0,3.0
"2022-01-26 13:04:09.076059",-0.0,3.0,3.0
"2022-01-26 13:04:13.956067",1.0,3.0,2.0
"2022-01-26 13:04:18.836319",1.0,3.0,2.0
"2022-01-26 13:04:23.716071",1.0,3.0,2.0
"2022-01-26 13:04:28.595462",1.0,3.0,2.0
"2022-01-26 13:04:33.475460",2.0,3.0,1.0
"2022-01-26 13:04:38.355437",2.0,3.0,1.0
"2022-01-26 13:04:43.276006",2.0,3.0,1.0
"2022-01-26 13:04:48.116253",1.0,3.0,2.0
"2022-01-26 13:04:52.996069",1.0,3.0,2.0
"2022-01-26 13:04:57.876092",1.0,3.0,2.0
"2022-01-26 13:05:02.756051",1.0,3.0,2.0
"2022-01-26 13:05:07.636063",-0.0,3.0,3.0
"2022-01-26 13:05:12.516059",-3.0,3.0,6.0
"2022-01-26 13:05:17.396068",-6.0,3.0,9.0
"2022-01-26 13:05:22.275923",-8.0,3.0,11.0
"2022-01-26 13:05:27.156321",-8.0,3.0,11.0
"2022-01-26 13:05:32.036125",-7.0,3.0,10.0
"2022-01-26 13:05:36.916322",-4.0,3.0,7.0
"2022-01-26 13:05:41.796033",-3.0,3.0,6.0
"2022-01-26 13:05:46.686061",-4.0,3.0,7.0
"2022-01-26 13:05:51.556199",-4.0,3.0,7.0
"2022-01-26 13:05:56.436067",-2.0,3.0,5.0
"2022-01-26 13:06:01.316239",0.0,3.0,3.0
"2022-01-26 13:06:06.196149",1.0,3.0,2.0
"2022-01-26 13:06:11.076067",2.0,3.0,1.0
"2022-01-26 13:06:15.955964",1.0,3.0,2.0
"2022-01-26 13:06:20.836094",2.0,3.0,1.0
"2022-01-26 13:06:25.716219",2.0,3.0,1.0
"2022-01-26 13:06:30.595945",1.0,3.0,2.0
"2022-01-26 13:06:35.476222",1.0,3.0,2.0
"2022-01-26 13:06:40.356070",0.0,3.0,3.0
"2022-01-26 13:06:45.236126",-1.0,3.0,4.0
"2022-01-26 13:06:50.116062",-3.0,3.0,6.0
"2022-01-26 13:06:54.996528",-5.0,3.0,8.0
"2022-01-26 13:06:59.876067",-4.0,3.0,7.0
"2022-01-26 13:07:04.765629",-3.0,3.0,6.0
"2022-01-26 13:07:09.636057",-1.0,3.0,4.0
"2022-01-26 13:07:14.516070",-1.0,3.0,4.0
"2022-01-26 13:07:19.396107",-1.0,3.0,4.0
"2022-01-26 13:07:24.275942",-2.0,3.0,5.0
"2022-01-26 13:07:29.156156",-4.0,3.0,7.0
"2022-01-26 13:07:34.036080",-5.0,3.0,8.0
"2022-01-26 13:07:38.916061",-5.0,3.0,8.0
"2022-01-26 13:07:43.796063",-5.0,3.0,8.0
"2022-01-26 13:07:48.676178",-4.0,3.0,7.0
"2022-01-26 13:07:53.556062",-5.0,3.0,8.0
"2022-01-26 13:07:58.436067",-5.0,3.0,8.0
"2022-01-26 13:08:03.316051",-6.0,3.0,9.0
"2022-01-26 13:08:08.255952",-7.0,3.0,10.0
"2022-01-26 13:08:13.156060",-6.0,3.0,9.0
"2022-01-26 13:08:18.036371",-6.0,3.0,9.0
"2022-01-26 13:08:22.916052",-5.0,3.0,8.0
"2022-01-26 13:08:27.796074",-4.0,3.0,7.0
"2022-01-26 13:08:32.676061",-3.0,3.0,6.0
"2022-01-26 13:08:37.555570",-2.0,3.0,5.0
"2022-01-26 13:08:42.436061",-1.0,3.0,4.0
"2022-01-26 13:08:47.316070",-1.0,3.0,4.0
"2022-01-26 13:08:52.196061",-1.0,3.0,4.0
"2022-01-26 13:08:57.076058",-1.0,3.0,4.0
"2022-01-26 13:09:01.956126",-2.0,3.0,5.0
"2022-01-26 13:09:06.836060",-3.0,3.0,6.0
"2022-01-26 13:09:11.716064",-3.0,3.0,6.0
"2022-01-26 13:09:16.596080",-3.0,3.0,6.0
"2022-01-26 13:09:21.476059",-3.0,3.0,6.0
"2022-01-26 13:09:26.356205",-2.0,3.0,5.0
"2022-01-26 13:09:31.236202",-2.0,3.0,5.0
"2022-01-26 13:09:36.116059",-4.0,3.0,7.0
"2022-01-26 13:09:41.005782",-6.0,3.0,9.0
"2022-01-26 13:09:45.876062",-7.0,3.0,10.0
"2022-01-26 13:09:50.756530",-6.0,3.0,9.0
"2022-01-26 13:09:55.636078",-6.0,3.0,9.0
"2022-01-26 13:10:00.516051",-7.0,3.0,10.0
"2022-01-26 13:10:05.396059",-7.0,3.0,10.0
"2022-01-26 13:10:10.275444",-7.0,3.0,10.0
"2022-01-26 13:10:15.156058",-8.0,3.0,11.0
"2022-01-26 13:10:20.036059",-7.0,3.0,10.0
"2022-01-26 13:10:24.916150",-6.0,3.0,9.0
"2022-01-26 13:10:29.796068",-5.0,3.0,8.0
"2022-01-26 13:10:34.676465",-4.0,3.0,7.0
"2022-01-26 13:10:39.555971",-3.0,3.0,6.0
"2022-01-26 13:10:44.435446",-2.0,3.0,5.0
"2022-01-26 13:10:49.316162",-1.0,3.0,4.0
"2022-01-26 13:10:54.196066",1.0,3.0,2.0
"2022-01-26 13:10:59.086069",1.0,3.0,2.0
"2022-01-26 13:11:03.956793",2.0,3.0,1.0
"2022-01-26 13:11:08.836170",1.0,3.0,2.0
"2022-01-26 13:11:13.736071",0.0,3.0,3.0
"2022-01-26 13:11:18.596110",-1.0,3.0,4.0
"2022-01-26 13:11:23.475447",-3.0,3.0,6.0
"2022-01-26 13:11:28.355973",-4.0,3.0,7.0
"2022-01-26 13:11:33.276094",-4.0,3.0,7.0
"2022-01-26 13:11:38.116066",-5.0,3.0,8.0
"2022-01-26 13:11:42.996188",-5.0,3.0,8.0
"2022-01-26 13:11:47.876071",-6.0,3.0,9.0
"2022-01-26 13:11:52.756063",-7.0,3.0,10.0
"2022-01-26 13:11:57.635447",-5.0,3.0,8.0
"2022-01-26 13:12:02.516054",-2.0,3.0,5.0
"2022-01-26 13:12:07.396079",-0.0,3.0,3.0
"2022-01-26 13:12:12.275945",1.0,3.0,2.0
"2022-01-26 13:12:17.156638",2.0,3.0,1.0
"2022-01-26 13:12:22.036057",2.0,3.0,1.0
"2022-01-26 13:12:26.916091",2.0,3.0,1.0
"2022-01-26 13:12:31.796059",0.0,3.0,3.0
"2022-01-26 13:12:36.676078",-1.0,3.0,4.0
"2022-01-26 13:12:41.556217",-3.0,3.0,6.0
"2022-01-26 13:12:46.436074",-4.0,3.0,7.0
"2022-01-26 13:12:51.316205",-4.0,3.0,7.0
"2022-01-26 13:12:56.196066",-5.0,3.0,8.0
